,al,inflation
0,"[0.038441090667604566, 0.9886]","[0.036920841455646586, 0.9883]"
1,"[0.03876805306713686, 0.9882]","[0.039581528007809536, 0.9885]"
2,"[0.03771138986801452, 0.9883]","[0.03817777442029183, 0.988]"
3,"[0.0369415021372326, 0.9883]","[0.03358945234128987, 0.989]"
4,"[0.03894031164406879, 0.9883]","[0.036006208331177916, 0.9893]"
5,"[0.03724153302910454, 0.9885]","[0.03887259308115317, 0.9877]"
6,"[0.03706749177905149, 0.9887]","[0.038615331030730525, 0.9886]"
